parent	child	CP	distance
0	1	0.733123973316473	7
1	2	0.885802758831602	1
2	3	4.433590815009484e-05	22
