parent	child	CP	distance
0	1	0.9999341050235776	8
1	2	0.9506734286911026	11
2	3	0.03564120727596318	11
